"Date","Price","Open","High","Low","Vol.","Change %"
"04-10-2024","295.25","297.00","299.70","293.20","23.10M","1.10%"
"03-10-2024","292.05","295.00","298.00","290.55","28.12M","0.03%"
"01-10-2024","291.95","297.00","299.15","290.70","10.92M","-1.90%"
"30-09-2024","297.60","297.00","301.80","293.75","16.29M","0.13%"
"27-09-2024","297.20","292.70","298.45","289.70","35.71M","0.68%"
"26-09-2024","295.20","297.05","298.70","291.50","27.81M","-1.17%"
"25-09-2024","298.70","299.45","301.20","296.70","10.61M","-0.25%"
"24-09-2024","299.45","296.30","302.00","294.70","16.99M","1.35%"
"23-09-2024","295.45","288.40","296.40","287.55","14.62M","3.21%"
"20-09-2024","286.25","287.00","289.05","285.20","16.59M","0.35%"
"19-09-2024","285.25","287.40","289.20","282.50","17.07M","-1.77%"
"18-09-2024","290.40","297.60","297.80","287.90","13.42M","-1.44%"
"17-09-2024","294.65","293.70","296.60","292.15","11.87M","0.74%"
"16-09-2024","292.50","294.80","295.40","291.35","10.97M","0.36%"
"13-09-2024","291.45","295.70","297.25","291.05","13.67M","-0.88%"
"12-09-2024","294.05","288.00","294.75","286.50","21.96M","3.07%"
"11-09-2024","285.30","292.40","292.40","283.25","44.83M","-3.48%"
"10-09-2024","295.60","300.10","301.50","295.00","15.62M","-1.10%"
"09-09-2024","298.90","308.70","308.70","294.65","30.37M","-3.21%"
"06-09-2024","308.80","311.50","313.15","303.70","27.95M","-0.83%"
"05-09-2024","311.40","316.95","316.95","310.15","15.57M","-0.95%"
"04-09-2024","314.40","315.00","316.20","308.40","25.40M","-2.42%"
"03-09-2024","322.20","327.00","328.00","321.65","10.32M","-1.23%"
"02-09-2024","326.20","330.00","331.95","325.80","8.98M","-1.38%"
"30-08-2024","330.75","330.45","334.40","329.55","19.67M","0.35%"
"29-08-2024","329.60","326.10","330.15","324.95","13.80M","0.55%"
"28-08-2024","327.80","328.65","330.30","324.65","12.45M","-0.32%"
"27-08-2024","328.85","329.40","332.55","326.00","20.17M","0.31%"
"26-08-2024","327.85","323.50","329.10","322.80","21.35M","2.81%"
"23-08-2024","318.90","324.40","324.80","317.55","13.23M","-1.68%"
"22-08-2024","324.35","328.55","330.50","323.60","13.39M","-1.02%"
"21-08-2024","327.70","330.65","331.50","326.50","11.84M","-0.73%"
"20-08-2024","330.10","335.85","336.00","328.05","14.97M","-1.55%"
"19-08-2024","335.30","335.00","338.75","333.55","19.64M","1.73%"
"16-08-2024","329.60","332.55","335.75","328.65","16.58M","0.44%"
"14-08-2024","328.15","335.85","336.50","326.80","17.81M","-2.31%"
"13-08-2024","335.90","344.10","345.00","332.95","28.94M","-1.58%"
"12-08-2024","341.30","332.75","344.70","329.90","34.75M","2.63%"
"09-08-2024","332.55","333.95","335.85","328.20","29.81M","3.05%"
"08-08-2024","322.70","329.00","329.00","321.70","23.48M","-1.94%"
"07-08-2024","329.10","312.40","330.95","312.00","66.11M","7.51%"
"06-08-2024","306.10","314.80","322.45","305.15","28.39M","-1.34%"
"05-08-2024","310.25","320.35","323.30","306.00","37.99M","-6.01%"
"02-08-2024","330.10","338.00","338.00","328.65","22.94M","-3.41%"
"01-08-2024","341.75","337.80","344.70","337.15","36.04M","2.26%"
"31-07-2024","334.20","332.05","337.45","329.75","21.39M","0.69%"
"30-07-2024","331.90","332.00","338.25","331.00","19.79M","-0.30%"
"29-07-2024","332.90","333.80","339.55","330.75","26.72M","0.39%"
"26-07-2024","331.60","336.50","338.50","330.10","25.70M","-1.25%"
"25-07-2024","335.80","318.05","337.55","316.10","42.05M","5.09%"
"24-07-2024","319.55","313.05","325.75","312.10","28.26M","1.72%"
"23-07-2024","314.15","320.05","321.40","297.40","37.87M","-2.07%"
"22-07-2024","320.80","320.00","323.35","314.50","22.23M","0.36%"
"19-07-2024","319.65","333.00","333.20","318.05","26.58M","-3.63%"
"18-07-2024","331.70","325.10","333.30","321.65","48.19M","2.80%"
"16-07-2024","322.65","323.60","327.60","319.75","37.47M","0.05%"
"15-07-2024","322.50","311.80","323.65","308.65","51.44M","5.01%"
"12-07-2024","307.10","306.80","311.75","304.20","31.79M","0.77%"
"11-07-2024","304.75","300.00","307.20","295.15","36.02M","2.21%"
"10-07-2024","298.15","299.70","299.80","288.85","19.28M","0.24%"
"09-07-2024","297.45","300.80","301.85","293.35","18.69M","-0.57%"
"08-07-2024","299.15","290.00","303.00","287.35","53.14M","3.80%"
"05-07-2024","288.20","277.25","289.30","276.50","39.78M","4.02%"
"04-07-2024","277.05","275.00","278.90","273.05","13.44M","0.86%"
"03-07-2024","274.70","276.00","277.70","274.00","9.13M","-0.05%"
"02-07-2024","274.85","273.20","279.80","271.50","24.47M","0.70%"
"01-07-2024","272.95","275.00","275.80","271.60","11.75M","-0.46%"
"28-06-2024","274.20","269.00","275.45","268.35","19.53M","2.50%"
"27-06-2024","267.50","267.40","268.10","263.50","22.83M","-0.09%"
"26-06-2024","267.75","266.90","269.15","264.10","10.65M","0.28%"
"25-06-2024","267.00","270.10","270.80","265.00","14.43M","-1.07%"
"24-06-2024","269.90","269.65","271.25","266.60","7.28M","0.09%"
"21-06-2024","269.65","271.45","274.75","268.90","17.41M","-0.81%"
"20-06-2024","271.85","271.80","274.00","269.10","12.83M","0.11%"
"19-06-2024","271.55","275.90","276.60","271.10","13.36M","-1.54%"
"18-06-2024","275.80","278.95","279.00","274.00","17.04M","0.15%"
"14-06-2024","275.40","277.00","278.20","274.60","10.64M","-0.42%"
"13-06-2024","276.55","278.00","278.00","272.50","16.01M","0.38%"
"12-06-2024","275.50","278.00","279.10","274.60","20.56M","0.71%"
"11-06-2024","273.55","266.85","275.00","265.25","47.27M","5.56%"
"10-06-2024","259.15","264.00","264.00","258.05","14.14M","-0.48%"
"07-06-2024","260.40","253.50","260.80","251.80","22.01M","3.21%"
"06-06-2024","252.30","254.00","259.50","249.25","30.88M","1.94%"
"05-06-2024","247.50","247.00","249.75","230.45","37.08M","4.74%"
"04-06-2024","236.30","285.00","285.00","223.00","72.78M","-16.83%"
"03-06-2024","284.10","277.95","286.55","273.20","30.20M","7.47%"
"31-05-2024","264.35","268.45","268.45","263.00","24.17M","-0.88%"
"30-05-2024","266.70","273.00","275.10","265.00","15.39M","-1.89%"
"29-05-2024","271.85","273.80","273.80","270.25","8.33M","-0.89%"
"28-05-2024","274.30","279.30","279.30","273.05","6.93M","-1.21%"
"27-05-2024","277.65","284.00","284.20","275.70","13.72M","-1.98%"
"24-05-2024","283.25","284.00","285.95","281.85","11.04M","-0.07%"
"23-05-2024","283.45","279.95","284.55","279.10","17.72M","1.96%"
"22-05-2024","278.00","284.00","284.00","276.90","17.94M","-0.75%"
"21-05-2024","280.10","281.10","284.00","278.35","17.56M","0.39%"
"18-05-2024","279.00","280.30","281.70","278.45","2.01M","0.56%"
"17-05-2024","277.45","278.80","283.40","276.60","11.53M","-0.07%"
"16-05-2024","277.65","276.00","279.35","273.80","23.76M","1.54%"
"15-05-2024","273.45","274.50","276.00","272.50","6.37M","0.20%"
"14-05-2024","272.90","267.95","274.65","266.45","9.12M","2.25%"
"13-05-2024","266.90","271.90","271.90","262.05","7.16M","-1.24%"
"10-05-2024","270.25","267.00","271.20","264.45","9.53M","1.89%"
"09-05-2024","265.25","277.25","278.55","263.20","14.87M","-4.19%"
"08-05-2024","276.85","273.50","280.25","272.35","12.80M","1.19%"
"07-05-2024","273.60","283.90","285.00","272.00","13.18M","-3.03%"
"06-05-2024","282.15","288.70","288.75","275.25","15.49M","-1.38%"
"03-05-2024","286.10","284.00","292.95","284.00","28.91M","1.17%"
"02-05-2024","282.80","281.00","284.60","279.05","15.68M","-0.02%"
"30-04-2024","282.85","284.50","286.35","281.45","10.66M","-0.12%"
"29-04-2024","283.20","283.95","285.25","282.15","8.95M","0.11%"
"26-04-2024","282.90","283.00","286.15","282.20","11.07M","0.34%"
"25-04-2024","281.95","279.35","282.60","278.00","17.05M","0.93%"
"24-04-2024","279.35","277.60","280.40","276.30","9.25M","0.92%"
"23-04-2024","276.80","276.85","278.75","275.55","8.80M","0.00%"
"22-04-2024","276.80","277.30","278.00","273.75","14.18M","0.56%"
"19-04-2024","275.25","276.75","280.80","274.10","32.66M","0.40%"
"18-04-2024","274.15","286.00","287.70","273.35","34.14M","-3.18%"
"16-04-2024","283.15","277.00","292.55","275.25","79.08M","1.18%"
"15-04-2024","279.85","269.10","282.95","267.10","75.06M","5.33%"
"12-04-2024","265.70","271.90","272.50","265.00","21.89M","-2.32%"
"10-04-2024","272.00","269.95","273.20","269.15","11.14M","1.13%"
"09-04-2024","268.95","270.00","272.65","268.00","13.17M","-0.54%"
"08-04-2024","270.40","267.55","272.00","266.60","13.01M","0.91%"
"05-04-2024","267.95","267.85","271.90","266.50","13.03M","-0.39%"
"04-04-2024","269.00","278.65","278.65","265.35","24.62M","-2.31%"
"03-04-2024","275.35","275.05","279.00","273.85","22.60M","1.05%"
"02-04-2024","272.50","270.10","274.05","269.45","14.44M","0.96%"
"01-04-2024","269.90","268.05","271.50","267.80","6.44M","0.69%"
"28-03-2024","268.05","262.45","271.00","261.95","18.89M","2.41%"
"27-03-2024","261.75","265.00","268.20","259.65","28.56M","-1.41%"
"26-03-2024","265.50","261.65","267.90","259.30","10.83M","0.85%"
"22-03-2024","263.25","262.95","265.25","258.45","13.03M","0.11%"
"21-03-2024","262.95","264.70","266.95","262.35","12.16M","-0.34%"
"20-03-2024","263.85","259.45","264.60","257.20","10.48M","1.77%"
"19-03-2024","259.25","262.00","263.95","256.65","8.76M","-0.90%"
"18-03-2024","261.60","258.95","263.05","257.55","9.25M","1.10%"
"15-03-2024","258.75","263.95","266.40","248.90","34.96M","-1.71%"
"14-03-2024","263.25","252.50","264.35","251.20","21.40M","3.09%"
"13-03-2024","255.35","270.80","271.00","252.75","20.08M","-5.57%"
"12-03-2024","270.40","274.00","275.60","269.05","13.78M","-1.31%"
"11-03-2024","274.00","278.10","280.50","273.20","10.68M","-1.47%"
"07-03-2024","278.10","280.25","284.35","277.25","11.39M","-0.77%"
"06-03-2024","280.25","284.30","284.30","273.55","16.81M","-1.23%"
"05-03-2024","283.75","280.00","284.95","276.65","18.54M","1.63%"
"04-03-2024","279.20","272.75","280.55","272.50","22.28M","2.68%"
"02-03-2024","271.90","272.35","272.85","271.35","864.69K","0.50%"
"01-03-2024","270.55","266.50","272.95","266.50","12.93M","2.25%"
"29-02-2024","264.60","265.00","266.35","261.50","17.18M","-0.43%"
"28-02-2024","265.75","270.00","270.30","264.60","9.12M","-1.34%"
"27-02-2024","269.35","268.05","270.20","264.95","19.58M","-0.19%"
"26-02-2024","269.85","271.90","271.90","267.80","8.66M","-0.86%"
"23-02-2024","272.20","274.90","276.00","271.10","9.46M","-0.91%"
"22-02-2024","274.70","273.85","276.00","268.50","16.79M","0.64%"
"21-02-2024","272.95","276.00","281.10","271.60","16.34M","-1.32%"
"20-02-2024","276.60","274.80","281.15","274.05","18.97M","0.71%"
"19-02-2024","274.65","274.70","279.05","272.40","15.32M","-0.02%"
"16-02-2024","274.70","275.15","278.00","270.35","27.04M","-0.94%"
"15-02-2024","277.30","271.65","279.85","269.00","32.83M","3.14%"
"14-02-2024","268.85","258.00","269.65","256.00","36.17M","3.60%"
"13-02-2024","259.50","258.00","262.40","254.70","20.71M","0.62%"
"12-02-2024","257.90","261.95","266.60","256.80","30.91M","-3.61%"
"09-02-2024","267.55","275.00","275.65","259.15","26.74M","-2.05%"
"08-02-2024","273.15","273.05","275.65","269.10","25.25M","0.46%"
"07-02-2024","271.90","275.00","275.65","267.55","23.76M","-0.15%"
"06-02-2024","272.30","265.35","273.40","260.20","36.71M","3.56%"
"05-02-2024","262.95","260.05","268.05","255.10","34.00M","2.22%"
"02-02-2024","257.25","250.00","260.00","249.00","30.48M","3.88%"
"01-02-2024","247.65","254.65","254.65","245.45","29.76M","-1.82%"
"31-01-2024","252.25","250.45","254.35","246.30","33.29M","1.22%"
"30-01-2024","249.20","256.50","263.30","248.65","51.49M","-1.31%"
"29-01-2024","252.50","241.00","254.95","239.10","54.13M","7.88%"
"25-01-2024","234.05","235.00","237.50","232.80","18.29M","-0.13%"
"24-01-2024","234.35","231.00","235.00","228.10","14.46M","1.94%"
"23-01-2024","229.90","245.00","245.65","228.00","20.28M","-5.02%"
"20-01-2024","242.05","243.00","245.45","240.45","15.13M","0.00%"
"19-01-2024","242.05","236.00","242.55","235.00","26.39M","3.64%"
"18-01-2024","233.55","230.05","234.50","224.65","19.23M","0.65%"
"17-01-2024","232.05","232.20","237.25","230.70","26.01M","-1.30%"
"16-01-2024","235.10","234.95","238.95","231.10","34.51M","0.69%"
"15-01-2024","233.50","228.50","235.45","224.65","57.88M","4.52%"
"12-01-2024","223.40","213.80","224.75","212.35","39.23M","5.45%"
"11-01-2024","211.85","214.00","214.00","210.85","12.59M","-0.12%"
"10-01-2024","212.10","215.00","215.00","209.70","16.50M","-2.10%"
"09-01-2024","216.65","221.00","221.45","215.95","11.95M","-0.60%"
"08-01-2024","217.95","218.00","220.80","217.10","19.31M","0.69%"
"05-01-2024","216.45","215.45","217.50","213.05","20.74M","0.84%"
"04-01-2024","214.65","210.50","215.40","209.30","31.05M","3.07%"
"03-01-2024","208.25","205.50","210.45","204.50","11.65M","0.58%"
"02-01-2024","207.05","205.35","210.75","203.65","21.14M","0.83%"
"01-01-2024","205.35","206.00","207.10","204.75","4.82M","0.15%"
"29-12-2023","205.05","208.00","208.00","204.25","12.17M","-1.56%"
"28-12-2023","208.30","206.50","208.90","205.35","22.01M","1.34%"
"27-12-2023","205.55","209.50","209.90","204.50","20.36M","-0.87%"
"26-12-2023","207.35","204.50","208.50","203.65","17.05M","1.67%"
"22-12-2023","203.95","204.00","204.50","201.80","9.91M","0.64%"
"21-12-2023","202.65","203.95","206.75","201.20","22.82M","-0.27%"
"20-12-2023","203.20","201.75","212.00","200.95","57.76M","1.45%"
"19-12-2023","200.30","202.00","203.55","199.30","16.74M","0.65%"
"18-12-2023","199.00","201.05","201.65","197.35","8.06M","-1.02%"
"15-12-2023","201.05","197.25","201.95","196.85","22.86M","2.60%"
"14-12-2023","195.95","195.90","196.30","193.25","15.26M","1.45%"
"13-12-2023","193.15","195.40","195.40","192.05","10.89M","-1.15%"
"12-12-2023","195.40","196.95","197.80","194.55","10.72M","-1.21%"
"11-12-2023","197.80","197.05","200.85","194.25","10.11M","0.94%"
"08-12-2023","195.95","199.85","200.30","194.10","10.41M","-1.48%"
"07-12-2023","198.90","200.90","200.90","196.05","16.43M","-1.51%"
"06-12-2023","201.95","203.75","203.75","199.10","12.66M","-0.05%"
"05-12-2023","202.05","202.20","203.95","199.15","14.56M","0.00%"
"04-12-2023","202.05","196.50","205.90","196.05","28.62M","3.86%"
"01-12-2023","194.55","195.25","198.25","194.25","9.94M","-0.21%"
"30-11-2023","194.95","192.65","195.65","192.05","14.97M","1.54%"
"29-11-2023","192.00","195.50","195.50","191.70","8.79M","-1.01%"
"28-11-2023","193.95","188.85","194.45","188.40","9.28M","2.70%"
"24-11-2023","188.85","190.85","191.85","188.15","5.75M","-0.94%"
"23-11-2023","190.65","191.00","191.75","189.60","6.54M","-0.18%"
"22-11-2023","191.00","191.20","191.85","189.75","7.54M","-0.10%"
"21-11-2023","191.20","193.00","193.95","191.00","10.72M","-3.36%"
"20-11-2023","197.85","198.00","198.50","197.00","6.42M","0.76%"
"17-11-2023","196.35","200.85","201.25","195.55","13.20M","-2.70%"
"16-11-2023","201.80","202.50","203.40","201.00","18.63M","1.15%"
"15-11-2023","199.50","198.50","203.00","197.65","19.77M","1.89%"
"13-11-2023","195.80","195.90","197.30","194.10","11.18M","-0.48%"
"12-11-2023","196.75","198.80","198.80","196.15","2.99M","0.43%"
"10-11-2023","195.90","192.70","196.50","192.70","6.03M","1.66%"
"09-11-2023","192.70","196.50","196.70","192.20","5.30M","-1.36%"
"08-11-2023","195.35","193.70","196.55","192.30","10.19M","1.11%"
"07-11-2023","193.20","193.40","198.00","192.35","13.92M","-0.05%"
"06-11-2023","193.30","190.20","194.20","189.55","8.96M","1.74%"
"03-11-2023","190.00","186.65","190.65","185.80","7.46M","2.04%"
"02-11-2023","186.20","187.00","187.65","185.75","11.47M","-0.27%"
"01-11-2023","186.70","186.15","188.80","185.05","9.17M","0.30%"
"31-10-2023","186.15","189.20","189.80","184.20","9.40M","-1.40%"
"30-10-2023","188.80","185.00","189.20","184.60","7.35M","2.19%"
"27-10-2023","184.75","181.00","185.80","180.30","6.42M","2.13%"
"26-10-2023","180.90","183.50","184.15","179.90","8.47M","-1.87%"
"25-10-2023","184.35","184.85","185.85","183.00","6.81M","-0.27%"
"23-10-2023","184.85","185.95","185.95","184.20","4.72M","-0.73%"
"20-10-2023","186.20","187.00","187.30","185.15","7.91M","-0.05%"
"19-10-2023","186.30","186.00","186.65","185.05","9.15M","-0.35%"
"18-10-2023","186.95","188.00","188.05","186.05","10.18M","0.38%"
"17-10-2023","186.25","187.00","187.05","185.55","4.38M","-0.16%"
"16-10-2023","186.55","187.95","188.20","186.25","12.38M","0.89%"
"13-10-2023","184.90","184.50","186.25","184.05","7.44M","0.24%"
"12-10-2023","184.45","183.20","184.85","183.00","8.68M","0.65%"
"11-10-2023","183.25","184.40","184.70","182.75","8.50M","-0.14%"
"10-10-2023","183.50","182.30","184.50","182.05","11.82M","0.99%"
"09-10-2023","181.70","182.90","184.70","181.25","14.62M","0.14%"
"06-10-2023","181.45","183.50","183.50","180.60","5.76M","-0.41%"
"05-10-2023","182.20","181.25","184.00","181.00","11.13M","-0.30%"
"04-10-2023","182.75","184.45","184.60","182.10","9.36M","-1.00%"
"03-10-2023","184.60","189.30","189.30","183.65","22.12M","-3.78%"
"29-09-2023","191.85","188.50","192.25","188.15","10.09M","2.35%"
"28-09-2023","187.45","188.90","189.50","186.50","14.89M","0.11%"
"27-09-2023","187.25","189.30","189.30","186.30","5.63M","-0.27%"
"26-09-2023","187.75","186.00","188.15","185.25","12.45M","1.21%"
"25-09-2023","185.50","186.00","186.70","185.25","5.54M","0.22%"
"22-09-2023","185.10","186.60","187.70","185.00","7.81M","-0.86%"
"21-09-2023","186.70","188.40","188.45","186.05","7.81M","-0.80%"
"20-09-2023","188.20","186.45","189.50","186.20","12.69M","0.78%"
"18-09-2023","186.75","185.80","187.50","185.10","5.02M","0.05%"
"15-09-2023","186.65","191.70","191.70","185.60","19.92M","-0.67%"
"14-09-2023","187.90","184.75","188.90","184.20","17.75M","2.18%"
"13-09-2023","183.90","181.90","184.70","180.90","10.58M","1.66%"
"12-09-2023","180.90","184.85","184.90","180.20","15.52M","-1.36%"
"11-09-2023","183.40","185.45","185.95","182.30","10.85M","-0.57%"
"08-09-2023","184.45","182.50","184.95","182.00","9.74M","1.49%"
"07-09-2023","181.75","185.00","185.20","181.00","11.14M","-0.71%"
"06-09-2023","183.05","184.90","186.75","182.35","11.95M","-0.03%"
"05-09-2023","183.10","183.50","186.00","182.40","13.51M","0.08%"
"04-09-2023","182.95","183.85","184.45","181.80","11.00M","0.66%"
"01-09-2023","181.75","174.40","184.75","174.40","22.46M","4.36%"
"31-08-2023","174.15","175.80","176.00","173.05","15.82M","-0.91%"
"30-08-2023","175.75","175.70","176.90","175.00","5.94M","0.03%"
"29-08-2023","175.70","175.60","176.10","174.95","4.60M","0.29%"
"28-08-2023","175.20","175.10","175.80","174.55","4.35M","0.29%"
"25-08-2023","174.70","173.10","175.25","172.85","4.76M","0.92%"
"24-08-2023","173.10","175.50","176.70","172.80","7.98M","-1.37%"
"23-08-2023","175.50","177.00","177.20","175.00","6.38M","-0.37%"
"22-08-2023","176.15","176.05","177.90","175.60","5.35M","0.06%"
"21-08-2023","176.05","175.30","176.30","174.30","3.60M","0.43%"
"18-08-2023","175.30","177.65","177.65","174.15","6.73M","-1.38%"
"17-08-2023","177.75","178.70","179.10","177.10","5.20M","-0.73%"
"16-08-2023","179.05","176.30","179.45","175.80","8.37M","0.59%"
"14-08-2023","178.00","180.00","180.45","177.35","12.88M","0.45%"
"11-08-2023","177.20","178.90","179.70","176.70","4.11M","-0.81%"
"10-08-2023","178.65","178.10","179.75","176.90","10.43M","0.99%"
"09-08-2023","176.90","173.35","177.25","173.30","4.85M","2.05%"
"08-08-2023","173.35","172.90","173.80","172.60","3.63M","0.23%"
"07-08-2023","172.95","174.30","174.50","172.10","2.24M","-0.23%"
"04-08-2023","173.35","173.35","174.45","172.10","4.61M","0.73%"
"03-08-2023","172.10","175.25","175.80","171.50","6.15M","-2.19%"
"02-08-2023","175.95","177.00","178.65","174.00","8.98M","-0.42%"
"01-08-2023","176.70","175.30","177.00","174.30","5.58M","-0.20%"
"31-07-2023","177.05","172.80","177.50","171.40","9.28M","3.06%"
"28-07-2023","171.80","170.70","174.95","168.90","9.00M","0.47%"
"27-07-2023","171.00","173.45","173.65","170.70","7.73M","-1.13%"
"26-07-2023","172.95","173.85","174.30","172.00","9.10M","-0.03%"
"25-07-2023","173.00","172.00","173.35","171.30","10.48M","1.17%"
"24-07-2023","171.00","171.65","172.25","170.25","8.45M","0.26%"
"21-07-2023","170.55","167.35","171.00","166.50","7.84M","2.00%"
"20-07-2023","167.20","167.00","168.10","166.00","5.22M","0.27%"
"19-07-2023","166.75","167.20","167.95","166.10","5.97M","-0.09%"
"18-07-2023","166.90","166.40","168.15","166.05","4.32M","0.30%"
"17-07-2023","166.40","167.80","168.40","166.15","4.97M","-1.68%"
"14-07-2023","169.25","169.00","169.75","168.20","9.45M","0.86%"
"13-07-2023","167.80","168.65","169.30","167.20","11.35M","0.09%"
"12-07-2023","167.65","165.95","169.00","165.25","15.61M","1.85%"
"11-07-2023","164.60","163.25","165.10","162.90","6.34M","1.14%"
"10-07-2023","162.75","163.90","165.40","162.50","5.44M","-0.46%"
"07-07-2023","163.50","165.50","166.00","162.80","7.60M","-1.15%"
"06-07-2023","165.40","162.80","165.80","162.55","9.85M","1.60%"
"05-07-2023","162.80","162.00","164.40","161.35","8.80M","0.99%"
"04-07-2023","161.20","162.50","162.90","160.00","5.39M","-1.04%"
"03-07-2023","162.90","160.30","163.25","160.00","9.55M","1.62%"
"30-06-2023","160.30","161.00","161.00","158.95","7.84M","1.10%"
"28-06-2023","158.55","157.85","160.15","156.55","40.24M","0.44%"
"27-06-2023","157.85","158.85","158.85","157.35","9.73M","0.61%"
"26-06-2023","156.90","157.00","158.25","155.85","4.27M","0.00%"
"23-06-2023","156.90","159.00","159.00","155.40","8.72M","-1.29%"
"22-06-2023","158.95","160.20","160.95","157.50","10.63M","-0.78%"
"21-06-2023","160.20","157.00","160.55","156.60","8.28M","1.88%"
"20-06-2023","157.25","157.55","157.80","156.55","6.06M","-0.35%"
"19-06-2023","157.80","157.90","158.45","156.50","4.72M","0.51%"
"16-06-2023","157.00","158.25","158.65","156.35","11.47M","-0.41%"
"15-06-2023","157.65","157.50","157.90","156.20","7.43M","-0.13%"
"14-06-2023","157.85","156.10","158.40","155.85","9.70M","1.41%"
"13-06-2023","155.65","155.20","156.20","154.25","10.07M","0.39%"
"12-06-2023","155.05","154.85","155.25","152.60","11.02M","0.52%"
"09-06-2023","154.25","156.70","156.90","153.80","11.76M","-1.19%"
"08-06-2023","156.10","154.50","156.65","154.20","13.85M","1.46%"
"07-06-2023","153.85","153.60","154.50","152.55","12.18M","0.13%"
"06-06-2023","153.65","155.50","155.90","153.20","8.12M","-1.13%"
"05-06-2023","155.40","155.50","156.00","154.45","11.85M","0.45%"
"02-06-2023","154.70","155.00","155.00","153.40","9.85M","0.68%"
"01-06-2023","153.65","154.70","156.00","153.20","13.98M","-0.81%"
"31-05-2023","154.90","159.00","159.40","150.05","83.74M","-2.49%"
"30-05-2023","158.85","159.70","161.70","157.25","16.12M","-0.09%"
"29-05-2023","159.00","160.00","160.25","156.50","43.25M","-2.90%"
"26-05-2023","163.75","166.05","167.40","162.30","14.87M","-1.36%"
"25-05-2023","166.00","166.25","167.40","165.25","8.08M","-0.15%"
"24-05-2023","166.25","165.00","166.45","164.65","6.11M","0.76%"
"23-05-2023","165.00","165.60","167.05","164.45","10.12M","-0.36%"
"22-05-2023","165.60","164.10","166.40","164.10","7.33M","0.42%"
"19-05-2023","164.90","166.20","166.75","164.00","5.97M","-0.87%"
"18-05-2023","166.35","167.50","168.45","166.00","7.43M","-0.54%"
"17-05-2023","167.25","168.00","168.00","166.10","7.36M","-0.45%"
"16-05-2023","168.00","168.30","168.50","166.75","12.25M","1.45%"
"15-05-2023","165.60","165.50","166.60","164.40","8.56M","0.06%"
"12-05-2023","165.50","168.15","169.00","165.00","16.37M","-0.93%"
"11-05-2023","167.05","166.10","168.65","166.10","7.88M","0.06%"
"10-05-2023","166.95","165.25","167.65","165.00","10.90M","1.03%"
"09-05-2023","165.25","165.00","166.50","164.40","7.60M","0.15%"
"08-05-2023","165.00","160.30","165.35","160.00","9.70M","2.93%"
"05-05-2023","160.30","161.05","161.95","159.70","5.49M","-0.43%"
"04-05-2023","161.00","160.80","161.20","159.20","9.93M","-0.09%"
"03-05-2023","161.15","162.90","163.35","160.85","8.03M","-1.89%"
"02-05-2023","164.25","159.50","164.80","159.35","16.61M","3.33%"
"28-04-2023","158.95","159.80","159.80","154.85","12.66M","-0.69%"
"27-04-2023","160.05","160.20","160.90","159.60","6.46M","-0.68%"
"26-04-2023","161.15","160.00","161.60","159.75","9.18M","0.31%"
"25-04-2023","160.65","160.20","161.80","160.00","10.17M","0.25%"
"24-04-2023","160.25","159.60","160.75","159.30","7.03M","0.41%"
"21-04-2023","159.60","158.90","159.85","158.70","3.51M","0.28%"
"20-04-2023","159.15","159.60","160.10","158.50","5.73M","-0.59%"
"19-04-2023","160.10","158.30","160.45","158.05","11.37M","0.00%"
"18-04-2023","160.10","160.15","160.55","159.40","8.01M","-0.03%"
"17-04-2023","160.15","159.10","160.45","158.00","9.36M","0.88%"
"13-04-2023","158.75","158.15","160.50","158.00","11.61M","0.70%"
"12-04-2023","157.65","159.00","159.05","156.60","7.33M","-0.88%"
"11-04-2023","159.05","157.10","159.30","156.40","13.31M","1.21%"
"10-04-2023","157.15","150.70","157.50","150.00","17.43M","4.35%"
"06-04-2023","150.60","153.20","153.45","150.40","10.67M","-1.50%"
"05-04-2023","152.90","156.75","157.35","152.55","15.88M","-0.49%"
"03-04-2023","153.65","154.50","157.85","153.10","20.02M","1.72%"
"31-03-2023","151.05","150.10","153.00","150.05","8.00M","1.14%"
"29-03-2023","149.35","147.25","150.85","146.50","24.01M","1.46%"
"28-03-2023","147.20","150.25","150.25","146.65","8.96M","-2.03%"
"27-03-2023","150.25","149.55","152.45","149.25","7.44M","0.57%"
"24-03-2023","149.40","152.70","153.20","148.80","8.30M","-2.23%"
"23-03-2023","152.80","151.10","153.15","150.30","4.48M","0.82%"
"22-03-2023","151.55","152.40","152.80","150.85","4.33M","0.00%"
"21-03-2023","151.55","153.15","153.75","150.95","6.15M","-0.49%"
"20-03-2023","152.30","153.00","154.15","151.60","8.75M","-0.56%"
"17-03-2023","153.15","153.50","154.90","151.95","16.59M","0.62%"
"16-03-2023","152.20","151.20","153.40","148.00","18.55M","-0.23%"
"15-03-2023","152.55","154.00","154.45","151.80","9.83M","-0.49%"
"14-03-2023","153.30","155.80","156.85","153.05","7.18M","-1.60%"
"13-03-2023","155.80","156.20","158.00","155.20","8.79M","0.00%"
"10-03-2023","155.80","155.60","156.70","154.20","4.69M","-0.32%"
"09-03-2023","156.30","159.05","159.15","156.05","5.31M","-1.23%"
"08-03-2023","158.25","156.55","158.85","156.40","7.34M","0.03%"
"06-03-2023","158.20","154.70","159.70","153.55","14.49M","2.56%"
"03-03-2023","154.25","154.00","155.70","153.45","8.26M","0.13%"
"02-03-2023","154.05","154.50","155.05","152.65","8.22M","-0.48%"
"01-03-2023","154.80","152.00","155.10","151.85","7.71M","1.81%"
"28-02-2023","152.05","154.15","155.45","151.20","17.61M","-2.06%"
"27-02-2023","155.25","154.00","156.05","153.00","11.90M","0.16%"
"24-02-2023","155.00","151.75","155.35","149.75","14.65M","0.23%"
"23-02-2023","154.65","153.70","156.20","153.25","18.68M","0.68%"
"22-02-2023","153.60","154.25","154.50","151.70","9.60M","-0.32%"
"21-02-2023","154.10","154.90","155.90","153.45","7.60M","-0.48%"
"20-02-2023","154.85","157.20","157.80","154.40","8.35M","-1.12%"
"17-02-2023","156.60","155.50","158.80","154.40","19.87M","0.45%"
"16-02-2023","155.90","150.00","156.45","148.40","30.95M","5.69%"
"15-02-2023","147.50","149.00","149.40","145.50","12.63M","-0.64%"
"14-02-2023","148.45","148.65","149.20","147.00","6.99M","0.20%"
"13-02-2023","148.15","147.45","148.80","146.60","6.56M","0.99%"
"10-02-2023","146.70","146.15","147.00","144.80","6.40M","0.34%"
"09-02-2023","146.20","144.65","146.40","143.20","8.08M","1.60%"
"08-02-2023","143.90","145.40","145.90","143.15","10.33M","-0.52%"
"07-02-2023","144.65","143.90","144.95","142.20","8.68M","0.80%"
"06-02-2023","143.50","141.70","144.20","141.60","6.44M","-0.55%"
"03-02-2023","144.30","143.50","145.35","140.10","9.25M","0.59%"
"02-02-2023","143.45","143.00","145.00","140.65","11.89M","-0.55%"
"01-02-2023","144.25","145.80","146.00","142.35","11.53M","-0.45%"
"31-01-2023","144.90","145.15","147.90","144.25","19.05M","0.00%"
"30-01-2023","144.90","147.50","148.85","143.25","12.69M","-1.86%"
"27-01-2023","147.65","152.45","154.15","146.60","13.05M","-3.15%"
"25-01-2023","152.45","151.25","153.40","151.15","9.83M","0.20%"
"24-01-2023","152.15","152.35","153.20","151.60","8.28M","-0.13%"
"23-01-2023","152.35","152.55","153.10","151.35","16.74M","0.49%"
"20-01-2023","151.60","152.00","152.50","150.55","17.51M","-0.10%"
"19-01-2023","151.75","148.05","152.10","148.05","18.44M","1.68%"
"18-01-2023","149.25","148.25","149.75","148.20","12.14M","0.95%"
"17-01-2023","147.85","148.30","149.00","146.65","18.48M","0.17%"
"16-01-2023","147.60","147.70","147.80","146.00","9.70M","0.44%"
"13-01-2023","146.95","146.40","147.50","145.90","8.85M","0.55%"
"12-01-2023","146.15","147.70","148.25","145.75","13.27M","-0.44%"
"11-01-2023","146.80","149.50","150.00","146.25","12.54M","-1.71%"
"10-01-2023","149.35","148.60","150.30","148.60","18.49M","0.81%"
"09-01-2023","148.15","149.30","150.20","147.80","18.66M","0.54%"
"06-01-2023","147.35","146.70","148.10","146.30","16.80M","0.58%"
"05-01-2023","146.50","145.85","147.00","144.15","16.32M","0.17%"
"04-01-2023","146.25","148.80","148.85","145.00","13.54M","-2.21%"
"03-01-2023","149.55","149.70","150.60","148.00","14.99M","-0.60%"
"02-01-2023","150.45","147.30","150.80","147.25","9.63M","2.52%"
"30-12-2022","146.75","145.45","148.75","144.55","9.64M","1.45%"
"29-12-2022","144.65","142.75","146.00","142.50","36.75M","0.52%"
"28-12-2022","143.90","143.45","144.65","142.70","9.53M","-0.62%"
"27-12-2022","144.80","142.10","145.40","142.10","8.77M","2.48%"
"26-12-2022","141.30","140.50","142.85","139.50","7.15M","1.07%"
"23-12-2022","139.80","140.60","143.50","139.30","8.01M","-1.72%"
"22-12-2022","142.25","145.00","145.15","141.55","9.12M","-0.87%"
"21-12-2022","143.50","146.50","146.80","142.70","10.01M","-1.61%"
"20-12-2022","145.85","145.50","146.20","143.10","6.71M","0.03%"
"19-12-2022","145.80","147.05","147.55","145.00","10.64M","-0.95%"
"16-12-2022","147.20","148.35","150.50","147.00","20.54M","-0.17%"
"15-12-2022","147.45","147.65","148.85","146.65","11.43M","-0.10%"
"14-12-2022","147.60","144.35","148.60","144.10","17.69M","2.25%"
"13-12-2022","144.35","143.05","144.65","142.55","12.59M","1.40%"
"12-12-2022","142.35","140.00","142.50","139.20","8.95M","1.17%"
"09-12-2022","140.70","142.50","142.95","140.30","9.44M","-1.37%"
"08-12-2022","142.65","141.25","143.00","140.35","10.15M","1.42%"
"07-12-2022","140.65","140.80","141.75","140.10","9.73M","-1.26%"
"06-12-2022","142.45","142.85","143.15","141.15","10.98M","-0.90%"
"05-12-2022","143.75","141.50","143.95","140.60","18.44M","2.02%"
"02-12-2022","140.90","141.85","144.80","140.55","24.52M","0.61%"
"01-12-2022","140.05","141.45","142.00","139.80","27.73M","-0.74%"
"30-11-2022","141.10","139.60","141.80","139.60","17.72M","0.61%"
"29-11-2022","140.25","140.05","141.10","139.50","13.56M","0.47%"
"28-11-2022","139.60","139.50","141.20","139.05","8.93M","-0.68%"
"25-11-2022","140.55","139.00","141.30","137.75","9.79M","0.79%"
"24-11-2022","139.45","136.50","140.00","135.50","11.80M","2.16%"
"23-11-2022","136.50","135.55","136.65","134.55","9.01M","0.96%"
"22-11-2022","135.20","134.95","135.90","132.90","11.20M","-0.18%"
"21-11-2022","135.45","136.00","136.35","134.40","16.35M","-4.44%"
"18-11-2022","141.75","143.15","143.25","140.20","19.96M","-1.01%"
"17-11-2022","143.20","141.95","143.80","141.70","13.37M","0.21%"
"16-11-2022","142.90","142.80","143.30","141.20","11.46M","0.39%"
"15-11-2022","142.35","140.00","143.35","140.00","24.64M","2.23%"
"14-11-2022","139.25","140.60","141.00","138.60","12.74M","-0.85%"
"11-11-2022","140.45","140.60","141.30","139.20","18.49M","0.43%"
"10-11-2022","139.85","137.50","140.85","137.40","15.91M","0.87%"
"09-11-2022","138.65","138.95","139.00","137.00","12.03M","0.07%"
"07-11-2022","138.55","138.55","139.00","136.75","9.99M","0.51%"
"04-11-2022","137.85","136.40","138.40","136.05","7.50M","1.06%"
"03-11-2022","136.40","136.40","136.70","135.25","7.56M","-0.04%"
"02-11-2022","136.45","135.85","139.20","135.35","21.12M","0.96%"
"01-11-2022","135.15","134.10","135.70","134.10","11.63M","0.82%"
"31-10-2022","134.05","134.40","135.20","132.80","8.75M","0.26%"
"28-10-2022","133.70","132.10","135.60","131.80","22.92M","1.44%"
"27-10-2022","131.80","130.75","132.20","130.30","13.87M","0.80%"
"25-10-2022","130.75","132.45","132.90","129.85","10.23M","-1.54%"
"24-10-2022","132.80","133.00","134.00","132.40","2.15M","0.95%"
"21-10-2022","131.55","129.35","133.40","128.75","11.95M","1.50%"
"20-10-2022","129.60","127.00","131.00","125.80","18.75M","1.41%"
"19-10-2022","127.80","128.70","128.70","127.40","7.38M","-0.70%"
"18-10-2022","128.70","128.45","129.10","127.60","6.49M","0.70%"
"17-10-2022","127.80","127.00","128.20","126.00","9.32M","0.16%"
"14-10-2022","127.60","132.00","132.80","127.05","13.21M","-1.73%"
"13-10-2022","129.85","131.20","131.85","127.65","13.32M","-1.14%"
"12-10-2022","131.35","131.10","132.00","129.10","9.40M","0.19%"
"11-10-2022","131.10","133.25","133.50","130.25","13.18M","-1.61%"
"10-10-2022","133.25","133.00","134.00","132.20","10.18M","-0.60%"
"07-10-2022","134.05","132.05","134.25","131.20","13.53M","1.06%"
"06-10-2022","132.65","136.50","136.55","132.40","14.57M","-0.93%"
"04-10-2022","133.90","134.90","135.00","131.80","14.14M","1.13%"
"03-10-2022","132.40","131.70","135.00","130.60","50.97M","4.42%"
"30-09-2022","126.80","125.50","132.40","125.50","33.53M","0.12%"
"29-09-2022","126.65","123.50","128.20","123.50","20.60M","3.35%"
"28-09-2022","122.55","123.95","123.95","121.50","15.27M","-1.53%"
"27-09-2022","124.45","124.35","127.90","123.85","14.47M","0.81%"
"26-09-2022","123.45","127.30","128.80","122.65","12.85M","-4.00%"
"23-09-2022","128.60","128.25","129.10","127.50","10.41M","-0.04%"
"22-09-2022","128.65","130.40","130.85","128.10","11.37M","-1.72%"
"21-09-2022","130.90","132.20","133.20","130.05","11.16M","-1.73%"
"20-09-2022","133.20","131.40","133.60","131.30","13.08M","2.03%"
"19-09-2022","130.55","132.10","134.35","129.70","19.41M","-0.53%"
"16-09-2022","131.25","131.10","132.00","130.00","20.91M","-1.02%"
"15-09-2022","132.60","133.60","134.40","132.00","10.81M","-0.45%"
"14-09-2022","133.20","132.45","134.10","132.00","8.60M","-0.52%"
"13-09-2022","133.90","134.20","135.15","133.50","10.85M","-0.07%"
"12-09-2022","134.00","135.00","135.40","133.60","13.50M","0.00%"
"09-09-2022","134.00","132.50","134.20","131.95","12.33M","1.63%"
"08-09-2022","131.85","131.65","134.15","131.50","14.63M","-0.49%"
"07-09-2022","132.50","131.00","132.95","130.05","12.04M","0.30%"
"06-09-2022","132.10","134.10","134.15","131.70","10.87M","-0.97%"
"05-09-2022","133.40","132.90","133.90","132.65","14.87M","0.49%"
"02-09-2022","132.75","134.70","135.75","132.30","17.50M","-1.45%"
"01-09-2022","134.70","135.00","136.25","134.15","20.35M","-2.81%"
"30-08-2022","138.60","137.90","139.85","137.55","21.72M","1.99%"
"29-08-2022","135.90","134.20","136.60","133.75","9.20M","-0.55%"
"26-08-2022","136.65","136.50","138.25","136.10","12.11M","0.07%"
"25-08-2022","136.55","137.00","138.15","136.15","14.62M","0.40%"
"24-08-2022","136.00","134.70","137.40","134.50","22.73M","1.68%"
"23-08-2022","133.75","131.90","134.20","130.10","24.27M","1.40%"
"22-08-2022","131.90","134.50","134.50","129.80","31.23M","-2.01%"
"19-08-2022","134.60","137.50","138.50","134.05","35.38M","-0.70%"
"18-08-2022","135.55","138.25","138.30","134.70","42.60M","-2.94%"
"17-08-2022","139.65","139.95","140.80","138.70","15.69M","-0.21%"
"16-08-2022","139.95","139.50","141.90","136.10","31.23M","0.54%"
"12-08-2022","139.20","133.90","139.70","133.50","40.88M","4.82%"
"11-08-2022","132.80","134.50","136.00","132.05","19.48M","-0.75%"
"10-08-2022","133.80","136.40","136.75","133.45","15.83M","-1.98%"
"08-08-2022","136.50","136.30","137.50","135.05","12.45M","0.00%"
"05-08-2022","136.50","135.10","138.50","133.60","66.48M","0.18%"
"04-08-2022","136.25","134.35","137.15","134.00","14.31M","0.44%"
"03-08-2022","135.65","136.00","138.45","133.80","15.85M","-0.77%"
"02-08-2022","136.70","136.70","137.05","134.60","15.04M","-1.23%"
"01-08-2022","138.40","134.10","139.00","133.20","20.59M","3.17%"
"29-07-2022","134.15","130.45","134.50","129.90","19.74M","2.99%"
"28-07-2022","130.25","130.40","130.50","128.25","25.74M","1.28%"
"27-07-2022","128.60","129.10","130.20","127.80","20.19M","0.31%"
"26-07-2022","128.20","130.85","131.60","127.75","22.17M","-1.23%"
"25-07-2022","129.80","132.00","132.45","128.40","21.71M","-2.00%"
"22-07-2022","132.45","133.80","133.80","131.55","11.63M","-0.49%"
"21-07-2022","133.10","133.00","133.50","131.80","20.85M","0.41%"
"20-07-2022","132.55","135.00","136.60","132.20","60.32M","3.64%"
"19-07-2022","127.90","130.50","133.20","124.45","33.78M","-1.54%"
"18-07-2022","129.90","127.05","130.70","126.95","21.01M","2.65%"
"15-07-2022","126.55","127.60","128.40","124.60","18.09M","-0.47%"
"14-07-2022","127.15","124.40","132.60","123.80","38.46M","2.17%"
"13-07-2022","124.45","122.45","124.90","121.40","27.17M","0.28%"
"12-07-2022","124.10","124.90","126.75","123.50","25.22M","-1.12%"
"11-07-2022","125.50","121.50","125.90","121.05","31.52M","3.29%"
"08-07-2022","121.50","126.35","126.35","121.00","42.78M","-1.62%"
"07-07-2022","123.50","121.25","124.15","121.25","36.23M","2.11%"
"06-07-2022","120.95","123.00","123.50","119.85","59.09M","-5.06%"
"05-07-2022","127.40","127.00","128.60","126.00","44.60M","1.11%"
"04-07-2022","126.00","129.95","129.95","124.10","85.99M","-3.85%"
"01-07-2022","131.05","148.95","151.15","130.00","125.79M","-13.53%"
"30-06-2022","151.55","153.00","154.45","149.25","38.73M","-1.69%"
"29-06-2022","154.15","149.35","157.40","146.20","165.86M","3.21%"
"28-06-2022","149.35","142.80","151.75","142.15","54.39M","5.55%"
"27-06-2022","141.50","140.00","142.60","137.25","24.19M","3.02%"
"24-06-2022","137.35","137.00","141.00","135.20","25.46M","1.89%"
"23-06-2022","134.80","134.00","136.40","132.20","26.83M","-0.04%"
"22-06-2022","134.85","136.95","136.95","131.00","31.82M","-3.06%"
"21-06-2022","139.10","136.10","140.20","135.00","20.58M","3.50%"
"20-06-2022","134.40","138.60","138.90","130.00","28.66M","-4.98%"
"17-06-2022","141.45","142.45","145.15","140.65","22.92M","-1.46%"
"16-06-2022","143.55","149.15","151.55","142.60","25.13M","-5.18%"
"15-06-2022","151.40","156.95","157.25","150.80","16.22M","-2.92%"
"14-06-2022","155.95","159.55","160.55","155.30","12.84M","-2.26%"
"13-06-2022","159.55","162.00","163.95","158.45","12.24M","-3.10%"
"10-06-2022","164.65","164.00","166.65","163.35","17.81M","-0.54%"
"09-06-2022","165.55","166.00","167.35","164.50","31.12M","1.32%"
"08-06-2022","163.40","163.50","166.40","162.10","45.99M","0.96%"
"07-06-2022","161.85","154.80","162.95","154.20","61.41M","5.13%"
"06-06-2022","153.95","153.10","156.00","152.80","30.33M","1.55%"
"03-06-2022","151.60","153.95","154.20","151.15","16.75M","-0.56%"
"02-06-2022","152.45","147.80","152.90","146.00","25.43M","1.80%"
"01-06-2022","149.75","151.20","152.90","148.75","22.78M","-0.99%"
"31-05-2022","151.25","145.40","153.00","145.40","57.68M","5.00%"
"30-05-2022","144.05","145.65","147.30","141.15","40.26M","0.17%"
"27-05-2022","143.80","155.00","155.50","141.10","52.47M","-5.33%"
"26-05-2022","151.90","152.80","153.30","148.10","12.82M","-0.46%"
"25-05-2022","152.60","152.90","153.25","147.60","19.37M","1.29%"
"24-05-2022","150.65","157.40","157.75","150.15","19.14M","-2.87%"
"23-05-2022","155.10","161.75","164.20","154.65","18.03M","-4.20%"
"20-05-2022","161.90","161.65","163.80","160.10","7.24M","1.19%"
"19-05-2022","160.00","158.55","162.05","157.80","8.93M","-1.96%"
"18-05-2022","163.20","162.00","164.50","160.20","12.62M","0.03%"
"17-05-2022","163.15","156.00","163.70","155.55","17.84M","6.29%"
"16-05-2022","153.50","154.20","156.25","151.80","13.21M","-0.03%"
"13-05-2022","153.55","160.00","160.30","152.95","12.93M","-1.88%"
"12-05-2022","156.50","159.00","161.00","154.00","21.46M","-1.32%"
"11-05-2022","158.60","154.00","160.00","153.75","15.08M","2.69%"
"10-05-2022","154.45","160.45","161.65","152.90","22.60M","-6.25%"
"09-05-2022","164.75","165.25","167.30","162.75","9.95M","-1.32%"
"06-05-2022","166.95","163.90","167.40","161.10","16.77M","1.27%"
"05-05-2022","164.85","164.20","168.40","163.40","26.88M","1.60%"
"04-05-2022","162.25","159.00","162.80","157.95","23.66M","3.77%"
"02-05-2022","156.35","158.15","159.25","155.90","23.41M","-2.56%"
"29-04-2022","160.45","166.50","167.45","159.50","15.96M","-2.64%"
"28-04-2022","164.80","166.00","166.00","162.45","13.03M","-0.03%"
"27-04-2022","164.85","167.95","168.90","163.35","13.98M","-1.26%"
"26-04-2022","166.95","171.10","171.70","165.70","20.09M","-1.59%"
"25-04-2022","169.65","171.00","173.00","168.30","12.58M","-2.50%"
"22-04-2022","174.00","174.15","176.30","173.70","10.27M","-0.09%"
"21-04-2022","174.15","175.70","176.70","173.90","12.25M","-0.77%"
"20-04-2022","175.50","176.90","177.35","174.80","10.08M","-0.93%"
"19-04-2022","177.15","177.30","179.80","176.00","17.88M","0.77%"
"18-04-2022","175.80","176.00","179.00","175.10","23.92M","0.89%"
"13-04-2022","174.25","171.40","174.85","170.70","23.46M","3.17%"
"12-04-2022","168.90","171.00","172.20","168.20","13.18M","-1.34%"
"11-04-2022","171.20","171.00","172.75","169.55","9.72M","0.18%"
"08-04-2022","170.90","169.00","171.30","168.70","9.53M","1.21%"
"07-04-2022","168.85","170.60","173.80","168.20","24.55M","-2.29%"
"06-04-2022","172.80","170.60","173.50","170.30","12.97M","0.55%"
"05-04-2022","171.85","170.25","172.75","169.30","20.05M","2.26%"
"04-04-2022","168.05","166.95","169.05","165.35","17.75M","0.06%"
"01-04-2022","167.95","163.90","168.25","163.55","28.34M","2.47%"
"31-03-2022","163.90","161.85","165.25","161.15","33.52M","1.17%"
"30-03-2022","162.00","163.00","164.85","161.15","95.24M","-5.26%"
"29-03-2022","171.00","174.95","175.20","170.55","14.21M","-3.03%"
"28-03-2022","176.35","175.50","177.90","174.65","15.25M","0.31%"
"25-03-2022","175.80","178.50","179.25","175.10","13.61M","-0.93%"
"24-03-2022","177.45","178.90","180.40","176.50","20.33M","1.05%"
"23-03-2022","175.60","176.50","177.70","174.85","10.99M","0.09%"
"22-03-2022","175.45","176.20","181.25","173.80","39.74M","1.68%"
"21-03-2022","172.55","171.70","175.00","170.30","20.61M","1.32%"
"17-03-2022","170.30","166.60","171.50","164.60","66.31M","1.79%"
"16-03-2022","167.30","166.00","167.85","161.85","25.55M","2.17%"
"15-03-2022","163.75","168.30","169.50","161.65","42.33M","-4.69%"
"14-03-2022","171.80","174.00","175.50","170.60","20.21M","-2.22%"
"11-03-2022","175.70","172.50","176.40","171.70","26.19M","0.77%"
"10-03-2022","174.35","168.25","176.90","165.00","62.11M","-0.60%"
"09-03-2022","175.40","183.00","183.80","173.85","51.98M","-2.07%"
"08-03-2022","179.10","190.00","194.95","177.80","73.13M","-4.20%"
"07-03-2022","186.95","167.10","189.80","167.10","132.54M","13.13%"
"04-03-2022","165.25","170.10","171.00","163.85","32.66M","-2.97%"
"03-03-2022","170.30","168.30","171.80","162.90","42.35M","4.51%"
"02-03-2022","162.95","165.65","168.35","161.90","41.10M","1.43%"
"28-02-2022","160.65","160.50","161.85","155.80","20.21M","0.72%"
"25-02-2022","159.50","159.40","160.40","156.80","20.23M","1.82%"
"24-02-2022","156.65","160.75","162.40","156.00","28.77M","-2.55%"
"23-02-2022","160.75","166.25","166.40","159.65","21.30M","-2.55%"
"22-02-2022","164.95","166.50","166.50","163.25","29.40M","0.95%"
"21-02-2022","163.40","167.40","167.55","163.05","14.22M","-2.68%"
"18-02-2022","167.90","171.20","171.75","166.70","11.83M","-2.24%"
"17-02-2022","171.75","168.55","172.40","168.50","24.64M","1.90%"
"16-02-2022","168.55","164.50","168.90","164.50","15.96M","2.68%"
"15-02-2022","164.15","170.00","170.00","156.40","31.15M","-1.23%"
"14-02-2022","166.20","168.90","176.35","165.20","44.60M","-1.16%"
"11-02-2022","168.15","167.95","170.50","167.10","12.88M","-0.56%"
"10-02-2022","169.10","165.85","170.40","165.15","26.76M","3.14%"
"09-02-2022","163.95","167.90","169.60","163.10","17.94M","-1.80%"
"08-02-2022","166.95","172.00","173.00","166.50","13.23M","-2.99%"
"07-02-2022","172.10","170.70","173.30","169.20","11.72M","1.47%"
"04-02-2022","169.60","170.00","172.70","169.05","17.43M","1.25%"
"03-02-2022","167.50","170.00","171.25","166.00","12.53M","-2.22%"
"02-02-2022","171.30","170.55","174.05","170.50","12.48M","0.20%"
"01-02-2022","170.95","174.00","174.90","168.50","14.22M","-0.96%"
"31-01-2022","172.60","171.60","174.85","169.55","24.03M","2.25%"
"28-01-2022","168.80","167.55","174.70","166.25","32.79M","1.87%"
"27-01-2022","165.70","165.10","168.75","164.50","25.94M","0.33%"
"25-01-2022","165.15","163.00","166.70","163.00","14.25M","-0.33%"
"24-01-2022","165.70","165.20","168.30","163.75","28.78M","1.25%"
"21-01-2022","163.65","165.30","166.40","162.30","8.63M","-1.92%"
"20-01-2022","166.85","170.90","170.90","166.50","14.47M","-2.00%"
"19-01-2022","170.25","165.30","171.00","164.90","36.65M","3.91%"
"18-01-2022","163.85","168.30","168.40","163.40","11.18M","-1.21%"
"17-01-2022","165.85","162.50","168.20","162.30","32.58M","2.98%"
"14-01-2022","161.05","162.95","163.30","160.20","11.65M","-1.77%"
"13-01-2022","163.95","164.95","165.50","163.05","7.45M","-0.61%"
"12-01-2022","164.95","162.70","165.70","161.40","21.22M","2.49%"
"11-01-2022","160.95","158.80","161.65","157.60","14.46M","1.64%"
"10-01-2022","158.35","158.25","159.40","156.40","16.42M","0.83%"
"07-01-2022","157.05","151.50","157.50","151.35","30.89M","4.14%"
"06-01-2022","150.80","150.60","151.40","148.35","9.01M","0.30%"
"05-01-2022","150.35","148.50","151.10","147.40","12.98M","1.73%"
"04-01-2022","147.80","143.10","148.60","143.10","16.35M","3.32%"
"03-01-2022","143.05","142.35","143.45","141.20","3.77M","0.46%"
"31-12-2021","142.40","140.45","142.95","139.45","6.39M","1.35%"
"30-12-2021","140.50","138.75","141.20","138.50","11.56M","1.15%"
"29-12-2021","138.90","140.20","140.85","137.45","6.57M","-0.43%"
"28-12-2021","139.50","139.15","140.50","138.50","8.74M","1.57%"
"27-12-2021","137.35","136.55","138.05","136.00","4.40M","-0.83%"
"24-12-2021","138.50","141.55","141.60","137.20","5.66M","-1.42%"
"23-12-2021","140.50","138.50","141.00","137.15","6.32M","2.70%"
"22-12-2021","136.80","137.40","137.95","135.30","4.97M","0.55%"
"21-12-2021","136.05","135.05","136.85","133.80","8.62M","1.53%"
"20-12-2021","134.00","137.50","137.65","131.65","17.24M","-3.87%"
"17-12-2021","139.40","144.20","145.10","138.50","17.67M","-4.09%"
"16-12-2021","145.35","145.30","146.25","144.55","12.16M","0.97%"
"15-12-2021","143.95","146.30","147.70","143.60","10.36M","-2.01%"
"14-12-2021","146.90","144.25","147.45","143.95","12.33M","0.65%"
"13-12-2021","145.95","148.95","150.50","145.35","13.60M","-1.08%"
"10-12-2021","147.55","146.25","148.00","145.55","10.32M","0.14%"
"09-12-2021","147.35","149.50","149.90","146.35","7.99M","-0.71%"
"08-12-2021","148.40","147.00","150.35","146.80","12.27M","1.71%"
"07-12-2021","145.90","145.00","146.25","144.50","10.25M","1.78%"
"06-12-2021","143.35","145.80","145.85","142.75","7.75M","-1.75%"
"03-12-2021","145.90","144.00","146.85","143.15","10.69M","1.32%"
"02-12-2021","144.00","140.50","144.65","140.40","8.56M","1.23%"
"01-12-2021","142.25","142.40","143.65","139.65","14.28M","0.11%"
"30-11-2021","142.10","143.35","147.75","141.10","22.98M","-1.39%"
"29-11-2021","144.10","145.00","146.05","141.90","18.74M","-2.04%"
"26-11-2021","147.10","152.25","152.25","146.25","23.14M","-5.16%"
"25-11-2021","155.10","154.00","156.00","152.55","11.55M","1.08%"
"24-11-2021","153.45","149.00","155.85","149.00","36.29M","4.60%"
"23-11-2021","146.70","145.80","147.70","143.40","21.22M","0.10%"
"22-11-2021","146.55","151.25","153.70","146.00","21.56M","-5.02%"
"18-11-2021","154.30","157.00","157.00","153.70","18.35M","-1.97%"
"17-11-2021","157.40","157.00","159.25","156.60","11.42M","0.16%"
"16-11-2021","157.15","159.40","159.70","156.80","12.96M","-0.41%"
"15-11-2021","157.80","156.45","162.25","156.00","45.75M","2.04%"
"12-11-2021","154.65","154.00","155.60","153.30","10.55M","0.75%"
"11-11-2021","153.50","156.60","156.85","153.05","14.16M","-2.66%"
"10-11-2021","157.70","156.70","158.70","156.45","13.90M","0.67%"
"09-11-2021","156.65","156.50","158.15","155.00","13.60M","1.13%"
"08-11-2021","154.90","152.95","155.55","151.70","16.57M","1.87%"
"04-11-2021","152.05","152.00","152.85","151.25","1.11M","0.03%"
"03-11-2021","152.00","151.20","154.20","149.80","11.59M","-0.62%"
"02-11-2021","152.95","153.95","154.80","151.35","20.61M","-0.13%"
"01-11-2021","153.15","150.00","153.60","148.40","11.44M","2.75%"
"29-10-2021","149.05","149.90","151.85","146.00","18.74M","-0.77%"
"28-10-2021","150.20","150.00","156.85","148.70","24.82M","-4.88%"
"27-10-2021","157.90","163.10","163.60","157.00","21.65M","-3.19%"
"26-10-2021","163.10","163.55","163.95","160.30","33.02M","1.05%"
"25-10-2021","161.40","159.00","162.95","158.90","34.57M","2.77%"
"22-10-2021","157.05","157.00","158.35","154.50","27.32M","1.32%"
"21-10-2021","155.00","157.60","160.30","154.55","31.56M","0.06%"
"20-10-2021","154.90","159.25","159.35","153.65","17.12M","-2.33%"
"19-10-2021","158.60","163.50","163.50","158.00","10.33M","-2.16%"
"18-10-2021","162.10","163.75","165.50","161.20","22.90M","1.92%"
"14-10-2021","159.05","161.00","161.75","158.65","14.82M","-0.59%"
"13-10-2021","160.00","163.65","163.80","159.70","16.69M","-2.17%"
"12-10-2021","163.55","165.10","165.85","162.75","11.62M","-0.88%"
"11-10-2021","165.00","163.75","166.20","162.70","18.14M","2.52%"
"08-10-2021","160.95","163.90","166.60","160.50","30.56M","0.34%"
"07-10-2021","160.40","170.15","170.15","159.50","59.77M","-4.58%"
"06-10-2021","168.10","166.00","172.75","165.80","101.22M","2.72%"
"05-10-2021","163.65","150.00","164.60","149.00","131.24M","10.87%"
"04-10-2021","147.60","147.80","148.50","147.00","16.10M","0.92%"
"01-10-2021","146.25","145.20","149.65","144.10","42.89M","1.21%"
"30-09-2021","144.50","144.75","146.05","141.35","26.71M","-0.17%"
"29-09-2021","144.75","140.85","148.80","139.35","68.00M","1.79%"
"28-09-2021","142.20","141.80","143.60","141.00","46.11M","1.57%"
"27-09-2021","140.00","138.05","140.75","137.50","34.20M","2.87%"
"24-09-2021","136.10","138.90","139.90","134.50","33.67M","-1.20%"
"23-09-2021","137.75","134.80","138.35","134.40","18.69M","3.07%"
"22-09-2021","133.65","134.50","135.25","132.45","16.42M","-1.15%"
"21-09-2021","135.20","129.60","136.00","129.10","51.54M","5.21%"
"20-09-2021","128.50","125.05","129.40","125.05","29.86M","0.59%"
"17-09-2021","127.75","128.70","129.70","124.75","25.97M","-0.74%"
"16-09-2021","128.70","129.65","131.25","127.40","22.43M","0.19%"
"15-09-2021","128.45","124.25","130.70","124.25","42.44M","3.63%"
"14-09-2021","123.95","123.30","125.40","122.80","16.59M","0.73%"
"13-09-2021","123.05","122.20","123.40","121.10","9.92M","0.74%"
"09-09-2021","122.15","119.10","123.80","118.20","27.24M","2.69%"
"08-09-2021","118.95","119.00","119.50","117.50","7.80M","-0.83%"
"07-09-2021","119.95","122.50","122.75","119.55","8.53M","-1.40%"
"06-09-2021","121.65","123.80","124.35","121.15","12.51M","-1.18%"
"03-09-2021","123.10","119.95","123.50","118.80","21.33M","3.75%"
"02-09-2021","118.65","118.90","120.15","118.00","13.03M","-0.88%"
"01-09-2021","119.70","121.80","122.25","119.40","10.96M","-0.71%"
"31-08-2021","120.55","120.00","121.00","119.05","13.38M","0.33%"
"30-08-2021","120.15","116.75","120.40","116.75","15.93M","3.00%"
"27-08-2021","116.65","115.50","117.00","114.95","9.71M","0.95%"
"26-08-2021","115.55","115.60","116.25","114.40","8.78M","-0.09%"
"25-08-2021","115.65","113.50","117.20","113.30","18.64M","2.16%"
"24-08-2021","113.20","113.15","115.20","112.10","17.37M","1.30%"
"23-08-2021","111.75","110.35","112.00","108.50","16.89M","1.41%"
"20-08-2021","110.20","110.65","111.75","108.50","23.88M","-2.65%"
"18-08-2021","113.20","113.90","115.25","112.90","10.07M","-0.57%"
"17-08-2021","113.85","116.00","116.00","112.70","16.03M","-1.43%"
"16-08-2021","115.50","116.90","118.35","114.70","14.77M","-0.52%"
"13-08-2021","116.10","116.80","116.95","115.35","10.34M","-0.13%"
"12-08-2021","116.25","116.10","117.90","115.30","13.52M","-0.64%"
"11-08-2021","117.00","115.50","117.30","114.85","11.31M","1.87%"
"10-08-2021","114.85","115.10","115.70","113.90","14.30M","-0.13%"
"09-08-2021","115.00","116.00","117.00","114.30","8.29M","-1.41%"
"06-08-2021","116.65","116.15","118.20","116.15","6.61M","-0.17%"
"05-08-2021","116.85","116.20","117.25","114.70","11.03M","-0.43%"
"04-08-2021","117.35","117.70","118.50","116.60","14.30M","-0.47%"
"03-08-2021","117.90","116.15","118.20","115.15","15.16M","0.68%"
"02-08-2021","117.10","114.95","117.50","114.80","10.90M","1.56%"
"30-07-2021","115.30","114.30","116.75","113.80","12.24M","0.48%"
"29-07-2021","114.75","114.30","115.80","113.30","14.14M","0.35%"
"28-07-2021","114.35","114.90","115.20","113.45","11.02M","-0.26%"
"27-07-2021","114.65","115.35","115.90","114.00","9.70M","0.09%"
"26-07-2021","114.55","114.85","115.60","114.10","8.15M","-0.65%"
"23-07-2021","115.30","115.50","116.75","114.75","7.84M","-0.17%"
"22-07-2021","115.50","114.40","115.80","113.95","11.71M","2.58%"
"20-07-2021","112.60","112.05","113.25","111.60","18.63M","-1.75%"
"19-07-2021","114.60","114.80","116.55","114.20","14.40M","-1.88%"
"16-07-2021","116.80","117.20","117.40","115.75","19.69M","-0.09%"
"15-07-2021","116.90","119.20","119.40","116.20","28.59M","-3.23%"
"14-07-2021","120.80","120.30","121.75","120.10","12.71M","0.33%"
"13-07-2021","120.40","119.00","120.80","118.60","8.58M","1.56%"
"12-07-2021","118.55","119.00","119.35","118.00","8.42M","0.55%"
"09-07-2021","117.90","117.10","118.65","116.60","11.24M","0.73%"
"08-07-2021","117.05","119.40","119.40","116.85","17.15M","-2.38%"
"07-07-2021","119.90","119.90","120.40","117.80","18.48M","-1.32%"
"06-07-2021","121.50","123.00","125.00","121.05","30.19M","0.45%"
"05-07-2021","120.95","119.15","121.45","118.90","12.05M","2.11%"
"02-07-2021","118.45","120.00","120.85","118.00","20.01M","-0.34%"
"01-07-2021","118.85","117.75","119.75","117.30","16.01M","0.98%"
"30-06-2021","117.70","120.35","120.95","117.05","19.09M","-1.42%"
"29-06-2021","119.40","121.80","122.45","119.10","20.86M","-2.41%"
"28-06-2021","122.35","122.55","124.50","121.80","23.73M","1.20%"
"25-06-2021","120.90","122.95","124.95","120.35","34.56M","-0.90%"
"24-06-2021","122.00","124.45","124.45","121.35","24.36M","-1.09%"
"23-06-2021","123.35","123.50","124.40","121.75","21.98M","1.07%"
"22-06-2021","122.05","122.70","124.20","121.50","23.63M","0.91%"
"21-06-2021","120.95","119.40","122.00","118.95","15.67M","0.58%"
"18-06-2021","120.25","124.55","124.55","118.90","87.91M","-3.88%"
"17-06-2021","125.10","125.60","127.00","123.50","18.12M","-1.26%"
"16-06-2021","126.70","127.00","128.25","126.10","31.65M","1.08%"
"15-06-2021","125.35","125.60","128.50","124.85","32.78M","0.44%"
"14-06-2021","124.80","124.40","125.80","121.25","19.55M","1.01%"
"11-06-2021","123.55","123.95","126.60","122.50","18.36M","-0.32%"
"10-06-2021","123.95","123.75","124.80","122.45","12.25M","-0.08%"
"09-06-2021","124.05","127.00","128.00","123.05","29.72M","-0.60%"
"08-06-2021","124.80","125.75","125.90","122.65","15.26M","-0.28%"
"07-06-2021","125.15","126.95","127.50","124.90","28.71M","-0.24%"
"04-06-2021","125.45","124.60","126.70","123.35","72.35M","2.41%"
"03-06-2021","122.50","118.80","123.80","118.45","64.24M","4.03%"
"02-06-2021","117.75","118.00","119.40","116.00","27.16M","0.13%"
"01-06-2021","117.60","114.35","118.45","114.20","51.62M","3.48%"
"31-05-2021","113.65","112.50","114.35","111.40","16.43M","1.16%"
"28-05-2021","112.35","113.20","115.55","111.85","19.33M","0.45%"
"27-05-2021","111.85","113.00","113.65","111.30","22.82M","-1.32%"
"26-05-2021","113.35","115.40","115.40","113.00","12.05M","-1.09%"
"25-05-2021","114.60","114.40","117.10","113.70","25.82M","1.37%"
"24-05-2021","113.05","113.25","113.95","110.85","24.79M","0.27%"
"21-05-2021","112.75","111.05","114.05","111.05","20.56M","0.85%"
"20-05-2021","111.80","113.45","114.70","111.20","21.13M","-2.70%"
"19-05-2021","114.90","114.50","115.80","113.40","25.30M","-1.03%"
"18-05-2021","116.10","115.00","117.50","114.30","29.40M","1.62%"
"17-05-2021","114.25","113.95","115.40","112.25","19.96M","1.15%"
"14-05-2021","112.95","116.00","116.00","111.55","23.63M","-1.87%"
"12-05-2021","115.10","118.70","121.15","113.70","49.72M","-2.54%"
"11-05-2021","118.10","112.55","118.70","110.75","48.36M","3.69%"
"10-05-2021","113.90","113.85","114.95","112.50","33.48M","2.20%"
"07-05-2021","111.45","110.85","112.35","109.65","28.02M","1.09%"
"06-05-2021","110.25","112.30","112.85","109.45","26.08M","-0.77%"
"05-05-2021","111.10","112.40","114.00","110.50","47.59M","1.32%"
"04-05-2021","109.65","108.00","110.30","107.70","30.81M","1.81%"
"03-05-2021","107.70","108.15","110.70","106.00","33.98M","-0.42%"
"30-04-2021","108.15","104.15","112.70","103.30","81.36M","3.94%"
"29-04-2021","104.05","104.90","105.90","103.55","14.99M","0.14%"
"28-04-2021","103.90","103.75","104.40","103.30","6.89M","0.68%"
"27-04-2021","103.20","102.80","104.00","102.80","8.89M","0.39%"
"26-04-2021","102.80","105.25","105.70","102.50","11.80M","0.39%"
"23-04-2021","102.40","102.00","103.65","101.60","12.79M","-0.68%"
"22-04-2021","103.10","102.40","104.45","101.65","14.84M","0.24%"
"20-04-2021","102.85","103.30","105.00","102.20","23.08M","-0.19%"
"19-04-2021","103.05","103.95","105.95","101.90","19.17M","-3.96%"
"16-04-2021","107.30","104.60","107.85","104.20","21.63M","2.09%"
"15-04-2021","105.10","104.25","106.75","103.80","28.66M","2.99%"
"13-04-2021","102.05","98.05","102.50","98.05","25.51M","4.08%"
"12-04-2021","98.05","100.85","102.25","97.45","27.01M","-5.54%"
"09-04-2021","103.80","103.00","104.90","103.00","17.65M","0.19%"
"08-04-2021","103.60","103.80","105.70","103.30","26.11M","-1.00%"
"07-04-2021","104.65","103.90","105.35","103.45","10.33M","0.67%"
"06-04-2021","103.95","102.65","104.40","101.30","15.16M","0.48%"
"05-04-2021","103.45","102.15","104.50","99.40","24.88M","-0.86%"
"01-04-2021","104.35","103.00","105.25","101.15","22.30M","2.15%"
"31-03-2021","102.15","102.80","104.20","101.90","19.59M","-1.30%"
"30-03-2021","103.50","104.05","106.30","102.60","31.84M","1.07%"
"26-03-2021","102.40","103.00","104.00","100.25","26.64M","0.39%"
"25-03-2021","102.00","106.00","107.70","101.30","37.30M","-2.67%"
"24-03-2021","104.80","105.00","106.00","102.85","31.08M","-2.19%"
"23-03-2021","107.15","109.60","110.30","106.60","15.82M","-2.24%"
"22-03-2021","109.60","110.50","111.25","108.55","15.83M","-0.81%"
"19-03-2021","110.50","106.25","113.25","104.45","50.39M","0.27%"
"18-03-2021","110.20","110.00","112.20","107.50","26.71M","0.78%"
"17-03-2021","109.35","114.80","114.85","108.75","31.02M","-5.00%"
"16-03-2021","115.10","113.80","116.30","113.45","20.68M","0.66%"
"15-03-2021","114.35","116.00","116.85","112.80","19.68M","-0.61%"
"12-03-2021","115.05","116.75","117.40","114.00","20.69M","0.57%"
"10-03-2021","114.40","116.90","117.00","113.60","23.84M","-2.01%"
"09-03-2021","116.75","119.40","119.55","114.20","26.82M","-1.27%"
"08-03-2021","118.25","118.95","122.35","117.20","63.87M","2.87%"
"05-03-2021","114.95","116.25","118.25","113.50","57.76M","2.00%"
"04-03-2021","112.70","113.95","117.00","112.30","38.27M","-1.14%"
"03-03-2021","114.00","114.05","115.80","113.20","19.43M","0.44%"
"02-03-2021","113.50","115.90","116.65","112.75","36.30M","-3.03%"
"01-03-2021","117.05","114.30","117.65","113.50","41.67M","5.45%"
"26-02-2021","111.00","115.50","118.40","110.05","55.15M","-6.76%"
"25-02-2021","119.05","116.00","120.50","115.35","62.04M","4.80%"
"24-02-2021","113.60","114.00","115.35","111.00","26.07M","1.25%"
"23-02-2021","112.20","109.75","114.40","109.45","90.86M","5.55%"
"22-02-2021","106.30","105.90","108.55","105.30","36.59M","1.14%"
"19-02-2021","105.10","110.70","112.20","103.85","48.23M","-5.06%"
"18-02-2021","110.70","103.70","115.50","103.35","110.00M","8.26%"
"17-02-2021","102.25","102.00","103.50","100.80","21.01M","-1.45%"
"16-02-2021","103.75","99.25","104.85","99.25","76.24M","5.38%"
"15-02-2021","98.45","97.00","99.25","95.60","26.12M","1.49%"
"12-02-2021","97.00","98.90","99.40","96.55","18.19M","-2.46%"
"11-02-2021","99.45","100.00","100.35","98.90","11.29M","-0.55%"
"10-02-2021","100.00","102.00","102.50","98.60","21.47M","-0.99%"
"09-02-2021","101.00","99.80","103.35","99.80","39.64M","1.35%"
"08-02-2021","99.65","99.50","100.80","99.10","29.10M","2.05%"
"05-02-2021","97.65","98.95","99.95","96.80","30.51M","0.00%"
"04-02-2021","97.65","94.25","98.60","94.00","49.67M","4.61%"
"03-02-2021","93.35","94.60","95.30","93.00","25.91M","0.54%"
"02-02-2021","92.85","92.50","93.95","91.20","22.14M","2.20%"
"01-02-2021","90.85","89.00","91.20","88.45","24.23M","2.89%"
"29-01-2021","88.30","90.75","92.95","87.75","33.86M","-2.59%"
"28-01-2021","90.65","89.00","91.40","88.80","26.81M","1.06%"
"27-01-2021","89.70","91.40","91.75","88.90","34.02M","-1.81%"
"25-01-2021","91.35","93.05","93.75","90.00","28.52M","-1.51%"
"22-01-2021","92.75","94.60","95.45","92.50","27.31M","-2.06%"
"21-01-2021","94.70","99.05","100.20","93.90","26.94M","-4.20%"
"20-01-2021","98.85","99.00","99.80","97.85","18.49M","0.76%"
"19-01-2021","98.10","97.75","99.00","97.50","26.09M","1.50%"
"18-01-2021","96.65","101.40","101.85","96.05","33.62M","-4.68%"
"15-01-2021","101.40","105.25","106.10","100.65","28.19M","-3.47%"
"14-01-2021","105.05","107.00","107.45","104.20","24.46M","-0.19%"
"13-01-2021","105.25","104.95","107.90","104.10","42.40M","1.74%"
"12-01-2021","103.45","102.00","104.50","100.75","28.35M","0.88%"
"11-01-2021","102.55","101.50","102.90","98.05","36.30M","1.89%"
"08-01-2021","100.65","98.95","101.30","98.55","36.02M","2.81%"
"07-01-2021","97.90","98.00","99.05","97.10","25.29M","0.98%"
"06-01-2021","96.95","98.90","99.30","96.25","50.31M","2.11%"
"05-01-2021","94.95","96.50","96.50","94.35","27.00M","-2.06%"
"04-01-2021","96.95","94.05","97.30","93.70","39.55M","4.02%"
"01-01-2021","93.20","93.75","94.45","93.00","15.13M","0.16%"
"31-12-2020","93.05","93.30","95.55","92.55","43.70M","-0.21%"
"30-12-2020","93.25","93.50","94.50","92.75","15.96M","0.11%"
"29-12-2020","93.15","94.20","94.65","92.00","17.68M","-0.69%"
"28-12-2020","93.80","94.00","95.15","93.30","17.76M","0.70%"
"24-12-2020","93.15","92.50","95.50","92.15","46.35M","2.59%"
"23-12-2020","90.80","90.50","91.30","88.30","29.22M","0.28%"
"22-12-2020","90.55","89.05","92.30","86.60","58.60M","0.78%"
"21-12-2020","89.85","98.90","98.95","88.95","58.72M","-9.24%"
"18-12-2020","99.00","101.50","102.30","98.15","36.48M","-2.46%"
"17-12-2020","101.50","105.10","105.60","100.70","41.88M","-1.36%"
"16-12-2020","102.90","101.90","103.60","100.65","34.62M","2.44%"
"15-12-2020","100.45","102.50","102.50","99.20","33.55M","-1.03%"
"14-12-2020","101.50","98.25","102.55","97.45","75.02M","4.86%"
"11-12-2020","96.80","92.60","104.40","92.60","146.82M","5.62%"
"10-12-2020","91.65","91.00","92.20","88.70","25.33M","0.49%"
"09-12-2020","91.20","91.50","92.85","90.90","25.76M","0.50%"
"08-12-2020","90.75","93.00","93.45","90.05","34.33M","-0.87%"
"07-12-2020","91.55","91.15","94.00","90.75","46.64M","1.89%"
"04-12-2020","89.85","89.75","91.00","87.25","44.13M","1.30%"
"03-12-2020","88.70","85.40","89.00","85.00","53.62M","4.54%"
"02-12-2020","84.85","81.50","85.05","80.95","52.65M","4.05%"
"01-12-2020","81.55","78.50","82.00","77.05","42.92M","3.89%"
"27-11-2020","78.50","80.80","81.15","78.00","44.25M","-2.12%"
"26-11-2020","80.20","81.15","81.50","79.45","30.47M","-0.74%"
"25-11-2020","80.80","77.20","81.80","77.15","87.04M","6.18%"
"24-11-2020","76.10","76.75","78.05","75.40","31.38M","-0.52%"
"23-11-2020","76.50","72.00","77.80","71.80","44.11M","6.77%"
"20-11-2020","71.65","72.45","72.70","70.70","14.79M","-0.69%"
"19-11-2020","72.15","71.50","74.20","71.45","27.90M","0.28%"
"18-11-2020","71.95","71.65","72.10","70.90","14.03M","0.91%"
"17-11-2020","71.30","72.70","73.30","71.00","18.85M","-1.18%"
"13-11-2020","72.15","71.20","72.50","70.05","16.26M","0.84%"
"12-11-2020","71.55","72.50","72.90","70.75","16.45M","-1.11%"
"11-11-2020","72.35","71.45","72.70","70.55","23.53M","2.26%"
"10-11-2020","70.75","69.05","71.00","68.50","33.80M","3.36%"
"09-11-2020","68.45","68.65","68.65","67.80","8.47M","0.66%"
"06-11-2020","68.00","67.70","68.20","67.20","10.50M","0.59%"
"05-11-2020","67.60","66.90","68.10","66.20","17.95M","1.73%"
"04-11-2020","66.45","66.30","66.90","65.60","12.48M","0.23%"
"03-11-2020","66.30","66.00","66.75","65.70","10.81M","0.91%"
"02-11-2020","65.70","65.40","66.05","64.20","12.85M","1.23%"
"30-10-2020","64.90","65.00","65.90","64.20","25.86M","0.78%"
"29-10-2020","64.40","66.05","66.35","64.10","29.90M","-2.94%"
"28-10-2020","66.35","67.25","67.40","66.10","15.03M","-0.75%"
"27-10-2020","66.85","68.10","68.45","66.50","17.09M","-1.98%"
"26-10-2020","68.20","69.50","69.50","67.65","14.23M","-1.16%"
"23-10-2020","69.00","69.20","69.60","68.60","13.18M","0.22%"
"22-10-2020","68.85","67.40","69.10","67.30","26.36M","1.55%"
"21-10-2020","67.80","68.00","68.60","67.00","19.59M","0.59%"
"20-10-2020","67.40","69.50","69.75","67.25","18.53M","-2.74%"
"19-10-2020","69.30","67.35","70.45","67.35","25.99M","3.05%"
"16-10-2020","67.25","66.65","67.55","66.00","18.59M","1.82%"
"15-10-2020","66.05","67.00","68.50","65.70","17.33M","-1.42%"
"14-10-2020","67.00","68.50","68.80","66.65","24.83M","-3.04%"
"13-10-2020","69.10","69.10","69.75","68.80","9.07M","-0.07%"
"12-10-2020","69.15","70.30","70.60","68.80","10.56M","-1.64%"
"09-10-2020","70.30","69.00","70.60","68.25","25.75M","2.70%"
"08-10-2020","68.45","70.90","71.00","68.25","21.35M","-2.91%"
"07-10-2020","70.50","69.30","73.35","69.10","50.07M","1.66%"
"06-10-2020","69.35","70.00","70.20","69.00","10.03M","0.22%"